team_id,abbrev,city,nickname,name,conference,division,timezone,aliases,active_from,active_to
1,NJD,New Jersey,Devils,New Jersey Devils,East,Metropolitan,America/New_York,NJ|N.J.|Jersey|New Jersey Devils,1982,
2,NYI,New York,Islanders,New York Islanders,East,Metropolitan,America/New_York,NY Islanders|Isles|New York Islanders,1972,
3,NYR,New York,Rangers,New York Rangers,East,Metropolitan,America/New_York,NY Rangers|Rangers|New York Rangers,1926,
4,PHI,Philadelphia,Flyers,Philadelphia Flyers,East,Metropolitan,America/New_York,Philly|Philadelphia Flyers,1967,
5,PIT,Pittsburgh,Penguins,Pittsburgh Penguins,East,Metropolitan,America/New_York,Pens|Pittsburgh Penguins,1967,
6,BOS,Boston,Bruins,Boston Bruins,East,Atlantic,America/New_York,Boston Bruins,1924,
7,BUF,Buffalo,Sabres,Buffalo Sabres,East,Atlantic,America/New_York,Buffalo Sabres,1970,
8,MTL,Montreal,Canadiens,Montreal Canadiens,East,Atlantic,America/Toronto,MON|Montréal|Habs|Montreal Canadiens|Montréal Canadiens,1917,
9,OTT,Ottawa,Senators,Ottawa Senators,East,Atlantic,America/Toronto,Sens|Ottawa Senators,1992,
10,TOR,Toronto,Maple Leafs,Toronto Maple Leafs,East,Atlantic,America/Toronto,Leafs|Toronto Maple Leafs,1917,
12,CAR,Carolina,Hurricanes,Carolina Hurricanes,East,Metropolitan,America/New_York,Canes|Carolina Hurricanes,1997,
13,FLA,Florida,Panthers,Florida Panthers,East,Atlantic,America/New_York,Florida Panthers,1993,
14,TBL,Tampa Bay,Lightning,Tampa Bay Lightning,East,Atlantic,America/New_York,TB|Bolts|Tampa Bay Lightning|Tampa,1992,
15,WSH,Washington,Capitals,Washington Capitals,East,Metropolitan,America/New_York,WAS|Caps|Washington Capitals,1974,
16,CHI,Chicago,Blackhawks,Chicago Blackhawks,West,Central,America/Chicago,Hawks|Chicago Blackhawks,1926,
17,DET,Detroit,Red Wings,Detroit Red Wings,East,Atlantic,America/Detroit,Wings|Detroit Red Wings,1926,
18,NSH,Nashville,Predators,Nashville Predators,West,Central,America/Chicago,Preds|Nashville Predators,1998,
19,STL,St. Louis,Blues,St. Louis Blues,West,Central,America/Chicago,St Louis|Saint Louis|St. Louis Blues,1967,
20,CGY,Calgary,Flames,Calgary Flames,West,Pacific,America/Edmonton,CAL|Calgary Flames,1980,
21,COL,Colorado,Avalanche,Colorado Avalanche,West,Central,America/Denver,Avs|Colorado Avalanche,1995,
22,EDM,Edmonton,Oilers,Edmonton Oilers,West,Pacific,America/Edmonton,Edmonton Oilers,1979,
23,VAN,Vancouver,Canucks,Vancouver Canucks,West,Pacific,America/Vancouver,Vancouver Canucks,1970,
24,ANA,Anaheim,Ducks,Anaheim Ducks,West,Pacific,America/Los_Angeles,Mighty Ducks|Anaheim Ducks,1993,
25,DAL,Dallas,Stars,Dallas Stars,West,Central,America/Chicago,Dallas Stars,1993,
26,LAK,Los Angeles,Kings,Los Angeles Kings,West,Pacific,America/Los_Angeles,LA|L.A.|LA Kings|Los Angeles Kings,1967,
28,SJS,San Jose,Sharks,San Jose Sharks,West,Pacific,America/Los_Angeles,SJ|S.J.|San Jose Sharks,1991,
29,CBJ,Columbus,Blue Jackets,Columbus Blue Jackets,East,Metropolitan,America/New_York,CLB|Jackets|Columbus Blue Jackets,2000,
30,MIN,Minnesota,Wild,Minnesota Wild,West,Central,America/Chicago,Minnesota Wild,2000,
52,WPG,Winnipeg,Jets,Winnipeg Jets,West,Central,America/Winnipeg,WIN|Winnipeg Jets,2011,
54,VGK,Vegas,Golden Knights,Vegas Golden Knights,West,Pacific,America/Los_Angeles,VEG|LV|Las Vegas|Knights|Vegas Golden Knights,2017,
55,SEA,Seattle,Kraken,Seattle Kraken,West,Pacific,America/Los_Angeles,Seattle Kraken,2021,
59,UTA,Utah,Mammoth,Utah Mammoth,West,Central,America/Denver,UTAH|Utah Hockey Club|Utah HC|Utah Mammoth|Mammoth,2024,
53,ARI,Arizona,Coyotes,Arizona Coyotes,West,Central,America/Phoenix,PHX|Phoenix Coyotes|Coyotes|Arizona Coyotes,1996,2024
